iter	Accuracy	MultiClass
0	0.3828043305	2.186591111
1	0.4042474759	2.186283622
2	0.5124306414	2.17685535
3	0.5210269867	2.171289071
4	0.5230550014	2.170275861
5	0.5322416348	2.169288107

